 Year,Month,Day,Time(hhmmss.mm)UTC,Latitude,Longitude,Magnitude,Depth,Catalog
-2150,,,,31.1,35.5,7.3,,NOAA 
-2000,  ,  ,         ,38.0,58.2,7.1,18,NOAA 
-400,  ,  ,         ,35.5,51.8,7.6,   ,NOAA 
-31,9,2,         ,32,35.5,7,   ,NOAA 
10,  ,  ,         ,38,58.3,7.1,18,NOAA 
17,  ,  ,         ,37.9,27.3,7.5,   ,NOAA 
180,9,  ,         ,39.4,99.5,7.5,   ,NOAA 
528,11,29,         ,36,36,7.5,   ,NOAA 
555,8,15,         ,41,29.5,7.5,   ,NOAA 
648,11,29,         ,33.8,134.2,8.3,   ,NOAA 
745,6,5,         ,35.4,136.8,7.9,   ,NOAA 
746,1,18,         ,32,35.5,7,   ,NOAA 
765,  ,  ,         ,35.2,60.4,7.6,25,NOAA 
818,5,15,         ,36.8,66.2,7.5,50,NOAA 
818,8,10,         ,35.1,139.4,7.9,   ,NOAA 
869,7,13,         ,38.5,143.6,8.6,   ,NOAA 
887,8,26,         ,34.6,135.1,8.6,   ,NOAA 
943,8,20,         ,38,58.3,7.6,18,NOAA 
958,2,23,         ,36,51.1,7.7,   ,NOAA 
1038,1,9,         ,38.4,112.9,7.2,   ,NOAA 
1042,11,4,1330,38.2,46.3,7.6,15,NOAA 
1096,12,17,         ,34.2,137.3,8.3,   ,NOAA 
1175,  ,  ,         ,37.5,65.5,7.1,15,NOAA 
1208,7,16,         ,42,60,7.6,10,NOAA 
1336,10,21,130,34.5,59.6,7.6,   ,NOAA 
1361,8,3,         ,33.4,135,8.3,   ,NOAA 
1389,2,  ,130,36.2,58.8,7.6,10,NOAA 
1458,11,8,         ,39.9,40.4,7.5,   ,NOAA 
1471,  ,  ,         ,-16.299,-71,8,25,NOAA 
1482,  ,  ,         ,39.9,40.4,7.5,   ,NOAA 
1483,2,18,         ,24.9,57.9,7.7,   ,NOAA 
1498,9,20,         ,35,138,8.6,   ,NOAA 
1513,  ,  ,         ,-17.2,-72.3,8.7,30,NOAA 
1515,6,17,         ,26.6,100.8,7.5,   ,NOAA 
1546,1,14,         ,32,35.5,7,   ,NOAA 
1552,7,2,1030,-16.6,-71.3,7.6,30,NOAA 
1555,11,15,         ,-11.9,-77.6,8.3,30,NOAA 
1556,10,17,         ,-0.2,-78.6,7.6,   ,NOAA 
1566,  ,  ,         ,3,-77.3,7.8,   ,NOAA 
1570,2,8,13,-36.8,-73,8.3,   ,NOAA 
1575,9,8,         ,-0.2,-78.6,7.8,   ,NOAA 
1575,12,16,20,-39.5,-73.1,8.5,   ,NOAA 
1581,  ,  ,         ,-12.4,-77.7,7.6,30,NOAA 
1582,1,22,1630,-16.6,-71.6,8.2,30,NOAA 
1584,3,17,         ,-11.8,-77.8,8.3,30,NOAA 
1586,7,9,30,-12.5,-77,8.6,40,NOAA 
1587,9,4,1,-0.2,-78.5,7.7,   ,NOAA 
1590,  ,  ,         ,-17.2,-72.9,8.2,40,NOAA 
1600,2,28,20,-16.6,-70.8,8.2,20,NOAA 
1604,11,24,1630,-18.5,-70.4,8.5,30,NOAA 
1604,12,29,         ,25,119.5,8,   ,NOAA 
1605,1,31,         ,33.4,133.3,7.9,   ,NOAA 
1605,7,13,         ,19.9,110.5,8,   ,NOAA 
1609,10,20,1,-11.9,-77.4,8.6,40,NOAA 
1610,2,3,20,8.3,-71.9,7.9,30,NOAA 
1611,12,2,         ,39,143,8.1,   ,NOAA 
1614,11,26,         ,37.5,138,7.7,   ,NOAA 
1615,9,16,         ,-18.2,-71,8.8,40,NOAA 
1616,9,9,         ,38.1,142,7,   ,NOAA 
1619,2,14,1630,-7.9,-79,8.6,40,NOAA 
1622,10,25,         ,36.5,106.3,7,   ,NOAA 
1630,11,27,1630,-12.2,-77.5,8.1,30,NOAA 
1641,1,10,         ,-1.5,-78.5,7.6,   ,NOAA 
1644,1,16,11,7.5,-72.5,7,   ,NOAA 
1645,2,19,         ,-1.7,-78.6,7.5,   ,NOAA 
1645,11,30,20,14.4,121,7.5,   ,NOAA 
1646,6,9,         ,37.7,141.7,7.6,   ,NOAA 
1647,5,13,         ,-14,-76.5,7.9,40,NOAA 
1647,5,14,330,-35,-72,8.5,   ,NOAA 
1650,3,31,19,-13.5,-72,8.1,30,NOAA 
1653,2,23,         ,38.2,28.2,7.5,   ,NOAA 
1655,11,13,1938,-12,-77,8.8,30,NOAA 
1657,3,16,1,-37,-74,8,   ,NOAA 
1658,2,14,         ,-8.2,-80.1,7.7,40,NOAA 
1660,10,27,14,-0.2,-78.5,7.7,   ,NOAA 
1664,5,12,930,-15,-75,7.3,15,NOAA 
1674,8,29,         ,-1.7,-79,7.7,   ,NOAA 
1677,4,13,         ,38.7,144,8.1,   ,NOAA 
1677,11,4,         ,36.6,141.5,7.4,   ,NOAA 
1678,6,18,145,-12.3,-77.8,8.3,40,NOAA 
1678,10,2,         ,38.6,142,7.4,   ,NOAA 
1681,3,10,         ,-18.5,-70.4,7.3,   ,NOAA 
1687,10,20,1030,-13.2,-76.5,9,30,NOAA 
1687,11,22,         ,-1.3,-78.6,7.3,   ,NOAA 
1688,7,10,         ,38.4,27.1,7.5,   ,NOAA 
1690,4,  ,         ,17.2,-62.4,8,33,NOAA 
1691,  ,  ,         ,18.3,-70.4,7.7,33,NOAA 
1692,9,13,11,-25.4,-64.8,7,   ,NOAA 
1695,5,18,         ,36,111.5,8,   ,NOAA 
1697,2,25,         ,16.7,-99.2,7.8,   ,NOAA 
1698,6,20,6,-1.2,-78.7,7.7,   ,NOAA 
1699,7,14,9,-11.8,-77.5,7.8,40,NOAA 
1703,12,30,17,35,140,8.2,   ,NOAA 
1707,10,28,4,32.5,136,8.3,   ,NOAA 
1715,8,23,         ,-16.8,-71.5,7.9,80,NOAA 
1716,  ,  ,         ,41.2,80.3,7.5,30,NOAA 
1716,2,6,         ,-17.2,-71.2,8.8,40,NOAA 
1716,2,11,1,-13.7,-76,8.6,50,NOAA 
1716,6,19,         ,35,105.2,7.5,   ,NOAA 
1717,5,13,         ,39,142.7,7.6,   ,NOAA 
1721,4,26,230,37.9,46.7,7.7,   ,NOAA 
1725,1,7,425,-9,-79,7.6,40,NOAA 
1725,2,1,11,56.5,118.5,8.2,50,NOAA 
1730,  ,  ,2215,-33,-71.4,8.5,   ,NOAA 
1730,7,8,10,-33.1,-71.6,8.7,   ,NOAA 
1737,10,17,1530,51.1,158,8.3,40,NOAA 
1737,12,24,         ,-39.8,-73.2,7.7,   ,NOAA 
1739,8,16,         ,40.7,142.3,7.1,   ,NOAA 
1742,6,27,530,53.3,104,7.7,40,NOAA 
1742,11,18,         ,50.5,157,7.5,40,NOAA 
1751,5,25,530,-36.8,-71.6,8.5,   ,NOAA 
1754,9,1,         ,16.7,-99.2,7.8,   ,NOAA 
1755,4,26,         ,-0.2,-78.5,7,   ,NOAA 
1757,2,22,         ,-0.9,-78.6,7,   ,NOAA 
1761,12,9,1720,50,90,7.7,30,NOAA 
1763,3,15,         ,40.7,142,7.4,   ,NOAA 
1766,  ,  ,         ,10.5,-64,7.6,33,NOAA 
1766,10,21,9,7.4,-62.5,7.5,   ,NOAA 
1769,10,24,13,51.8,105.5,7.3,40,NOAA 
1770,5,27,         ,38.6,142,7.4,   ,NOAA 
1771,4,24,         ,24,124.3,7.4,   ,NOAA 
1772,6,3,603,39.3,142.7,7.4,   ,NOAA 
1780,1,17,2215,38.2,46.2,7.7,20,NOAA 
1780,6,29,         ,46,151,7.5,40,NOAA 
1784,5,13,1236,-16.5,-72,8,70,NOAA 
1785,  ,  ,         ,16.7,-99.2,7.8,   ,NOAA 
1786,6,1,         ,29.9,102.3,7.5,   ,NOAA 
1787,  ,  ,         ,19,-66,8,33,NOAA 
1790,12,2,1,54,162,7.5,20,NOAA 
1792,8,22,18,54,162,8.3,40,NOAA 
1793,2,17,         ,38.3,142.4,7.1,   ,NOAA 
1796,3,30,1045,-27.4,-70.4,7.7,   ,NOAA 
1797,2,4,1230,-1.6,-78.6,8.3,   ,NOAA 
1802,10,26,1055,45.7,26.6,7.4,150,NOAA 
1806,3,25,         ,18.9,-103.8,7.5,   ,NOAA 
1806,12,1,23,-12,-78,7.5,30,NOAA 
1811,12,16,8,36.6,-89.6,8.6,   ,NOAA 
1812,  ,  ,         ,11,-67,7.7,33,NOAA 
1812,1,23,15,36.6,-89.6,8.3,   ,NOAA 
1812,2,7,945,36.6,-89.6,8.7,   ,NOAA 
1812,3,8,         ,43.7,83,7.5,   ,NOAA 
1812,3,26,2107,10,-67,9.6,25,NOAA 
1812,12,8,15,34,-118,7,   ,NOAA 
1816,7,22,         ,15.5,-91.5,7.6,33,NOAA 
1817,3,11,2010,45.9,6.8,8,   ,NOAA 
1818,3,31,         ,19.1,-103.6,7.5,   ,NOAA 
1819,4,11,15,-27.4,-70.4,8.3,   ,NOAA 
1819,6,16,2330,23,71,8.3,   ,NOAA 
1820,12,29,         ,-7,119,7.5,   ,NOAA 
1821,7,10,13,-16.1,-73,8.2,90,NOAA 
1822,11,19,15,-33.5,-71.8,8.5,   ,NOAA 
1826,  ,  ,         ,-45.8,166.5,8,   ,NOAA 
1826,6,18,340,4.6,-73.9,8.2,10,NOAA 
1827,11,16,23,1.9,-75.6,9.7,10,NOAA 
1828,3,30,1235,-12.1,-77.8,8.2,50,NOAA 
1829,3,7,22,51.4,104.1,7.5,40,NOAA 
1829,3,21,18,38.2,-0.9,7,   ,NOAA 
1829,9,26,1430,-33.1,-71.6,7,   ,NOAA 
1831,10,9,215,-18.5,-71,7.8,   ,NOAA 
1833,9,18,13,-18.5,-70.4,7.7,60,NOAA 
1834,1,20,12,1.2,-77,7,5,NOAA 
1835,2,20,1630,-36.5,-72.6,8.5,   ,NOAA 
1835,7,20,         ,37.9,141.9,7.6,   ,NOAA 
1837,11,7,1130,-39.8,-73.2,8,   ,NOAA 
1837,11,22,         ,20,-105,7.7,   ,NOAA 
1839,  ,  ,955,14.2,-61,7.8,33,NOAA 
1841,5,17,21,52.5,159.5,8.3,30,NOAA 
1842,  ,  ,         ,19.5,-71.5,7.7,33,NOAA 
1843,2,8,1450,16.5,-62.2,8.3,33,NOAA 
1843,4,25,         ,41.8,144.8,8.3,   ,NOAA 
1843,4,25,         ,44.7,149.7,8.2,40,NOAA 
1843,7,8,         ,-39.9,175,7.5,33,NOAA 
1846,6,28,115,-14,-76.8,7.8,50,NOAA 
1847,5,8,1221,37,138,7.4,   ,NOAA 
1847,6,21,         ,46,152,7.5,40,NOAA 
1849,10,28,9,55,166,7.5,20,NOAA 
1849,12,17,10,-30,-71.4,7.5,   ,NOAA 
1852,7,24,         ,39.9,41.3,7.3,   ,NOAA 
1854,12,24,8,33.2,135.6,8.3,   ,NOAA 
1855,1,23,         ,-41,175,8,33,NOAA 
1855,2,28,1,40.1,29.1,7.5,   ,NOAA 
1855,7,25,12,46.1,7.2,8.5,   ,NOAA 
1856,8,4,         ,16,-88,7.5,33,NOAA 
1857,1,9,1013,35,-119,8.3,   ,NOAA 
1858,1,22,         ,55,166,7.5,20,NOAA 
1859,10,5,12,-27.4,-70.4,7.6,   ,NOAA 
1861,12,26,649,38.3,22.3,7.5,   ,NOAA 
1862,1,12,719,52.3,106.7,7.5,40,NOAA 
1867,2,4,3,38.4,20.2,7.9,100,NOAA 
1867,11,18,1845,18,-65.5,7.5,33,NOAA 
1868,6,30,         ,24.5,91.5,7.5,   ,NOAA 
1868,8,13,2145,-18.3,-70.6,9.5,25,NOAA 
1868,8,16,630,0.4,-78.1,7.7,   ,NOAA 
1869,8,24,1845,-17.5,-72,7.5,30,NOAA 
1870,9,30,23,38.5,22.5,7.5,   ,NOAA 
1871,10,5,9,-20.2,-70.2,7.3,   ,NOAA 
1872,3,26,1030,36.5,-118,8.5,   ,NOAA 
1872,4,3,545,36.2,36.2,7.5,   ,NOAA 
1875,  ,  ,         ,7.8,-72.5,7.9,33,NOAA 
1875,2,11,         ,20.7,-103.4,7.5,   ,NOAA 
1875,5,3,         ,38.1,30.2,7.3,   ,NOAA 
1875,5,18,1615,7.9,-72.5,7.5,20,NOAA 
1877,5,10,216,-19.6,-70.2,8.5,40,NOAA 
1878,1,23,         ,-20,-70.3,7.9,40,NOAA 
1880,8,15,1248,-31.6,-71.2,7.7,   ,NOAA 
1881,4,3,1130,38.2,26.2,7.3,   ,NOAA 
1882,9,7,750,7.3,-77.8,8,40,NOAA 
1883,10,15,1330,38.4,26.1,7.3,   ,NOAA 
1886,8,27,2127,37,27.2,8.3,100,NOAA 
1887,5,3,         ,30.5,-109.5,7,   ,NOAA 
1887,6,8,2335,43.1,76.8,7.3,20,NOAA 
1888,  ,  ,         ,11.5,-62,7.5,150,NOAA 
1888,6,13,         ,38.5,119,7.5,   ,NOAA 
1888,8,31,1610,-34.5,172.7,7.3,   ,NOAA 
1889,7,11,2214,43.2,78.7,8.3,40,NOAA 
1891,10,27,2137,35.4,136.8,8.3,   ,NOAA 
1893,6,14,         ,40.2,19.7,7.5,   ,NOAA 
1894,  ,  ,         ,8.1,-72,7.8,33,NOAA 
1894,3,22,         ,42.5,146,8,40,NOAA 
1894,4,29,3,8,-72,8.2,25,NOAA 
1894,10,27,1930,-30.5,-68.4,7.5,   ,NOAA 
1895,5,14,4,39.5,20.5,7.5,   ,NOAA 
1895,7,8,2130,39.5,53.7,8.2,60,NOAA 
1896,6,15,1033,39.6,144.2,7.6,   ,NOAA 
1896,9,23,2320,37,71,7.5,160,NOAA 
1896,11,18,206,43.5,146,7.6,40,NOAA 
1897,  ,  ,         ,16.2,-61.7,7.6,33,NOAA 
1897,2,7,736,40,140,8.3,60,NOAA 
1897,2,20,         ,38.1,141.5,7.8,   ,NOAA 
1897,5,13,1122,12.3,123.3,7.9,60,NOAA 
1897,6,5,         ,17,-96.3,7,   ,NOAA 
1897,6,12,1106,26,91,8.7,60,NOAA 
1897,8,5,12,38,143,8.7,   ,NOAA 
1897,8,15,1218,18,120,7.9,60,NOAA 
1897,8,16,754,39,143,7.9,60,NOAA 
1897,9,20,1625,-11.9,-76.8,7.7,70,NOAA 
1897,9,21,515,7.1,122.1,8.7,60,NOAA 
1897,10,18,2348,12,126,8.1,60,NOAA 
1898,4,22,2336,39,142,8.3,60,NOAA 
1898,4,29,1640,12.4,-86.9,7.9,60,NOAA 
1898,6,5,12,38,143,8.7,60,NOAA 
1898,6,29,1836,52,172,7.6,   ,NOAA 
1899,1,24,2343,17,-98,8.3,60,NOAA 
1899,6,14,1109,18,-77,7.8,60,NOAA 
1899,9,10,1725,60,-140,8.6,25,NOAA 
1899,9,29,1703,-3,128.5,7.8,60,NOAA 
1899,11,23,949,53,159,7.9,20,NOAA 
1899,11,24,1855,32,131,7.8,60,NOAA 
1900,1,11,907,36.5,133.5,7.8,   ,NOAA 
1900,1,20,633,20,-105,8.3,10,NOAA 
1900,6,21,2052,20,-80,7.9,60,NOAA 
1900,7,29,659,-10,165,8.1,60,NOAA 
1900,9,18,         ,4.6,-74,7.9,   ,NOAA 
1900,10,7,2104,-4,140,7.8,60,NOAA 
1900,10,9,1228,60,-142,8.3,60,NOAA 
1900,10,29,842,10.9,-66.8,8.3,50,NOAA 
1900,12,25,509,43,146,7.9,40,NOAA 
1901,1,7,29,-2,-82,7.8,25,NOAA 
1901,4,5,2230,45,148,7.5,30,NOAA 
1901,6,24,702,27,130,7.9,60,NOAA 
1901,8,9,         ,-16,167,8.3,   ,NOAA 
1901,8,9,923,40,144,7.9,60,NOAA 
1901,8,9,1301,-22,170,8.3,60,NOAA 
1901,8,9,1833,40,144,8.2,60,NOAA 
1901,8,10,         ,40.5,141.5,7.8,   ,NOAA 
1901,12,13,         ,52,-176,7.8,   ,NOAA 
1901,12,14,2257,14,122,7.8,60,NOAA 
1901,12,31,902,52,-177,7.8,60,NOAA 
1902,1,1,520,52.4,-167.5,7.8,60,NOAA 
1902,1,24,2327,-8,150,7.8,60,NOAA 
1902,2,9,735,-20,-174,7.8,60,NOAA 
1902,4,19,223,14,-91,8.2,60,NOAA 
1902,6,11,5,50,148,8,600,NOAA 
1902,8,22,3,40,77,8.6,60,NOAA 
1902,8,30,2150,37,71,7.7,200,NOAA 
1902,9,22,130,18,146,8.1,60,NOAA 
1902,9,23,2018,16.6,-92.6,8.3,100,NOAA 
1902,12,12,2310,29,-114,7.8,60,NOAA 
1903,1,4,507,-20,-175,8,400,NOAA 
1903,1,14,147,15,-98,8.2,60,NOAA 
1903,2,1,934,48,98,7.8,60,NOAA 
1903,2,27,43,-8,106,8.1,60,NOAA 
1903,4,28,2339,39.1,42.6,7,10,NOAA 
1903,5,13,634,-17,168,7.9,60,NOAA 
1903,6,2,1317,57,-156,8.3,100,NOAA 
1903,8,8,110,4.6,-74,7.7,   ,NOAA 
1903,8,11,432,36,23,8.3,100,NOAA 
1903,12,28,256,7,127,7.8,60,NOAA 
1904,1,20,1452,7,-79,7.8,60,NOAA 
1904,3,18,1342,42.5,145.8,7.6,40,NOAA 
1904,4,4,1017,41.8,23.2,7.8,33,NOAA 
1904,6,7,817,40,134,7.9,350,NOAA 
1904,6,25,1445,52,159,8.3,25,NOAA 
1904,8,8,2251,-40.5,177,7.5,33,NOAA 
1904,8,24,2059,30,130,7.9,25,NOAA 
1904,8,27,2156,64,-151,8.3,25,NOAA 
1904,11,1,11,-1,-80.5,7.7,   ,NOAA 
1904,12,20,544,8.5,-83,8.3,25,NOAA 
1905,1,22,243,1,123,8.3,90,NOAA 
1905,2,14,846,53,-178,7.9,60,NOAA 
1905,3,18,58,-27.5,-173,7.5,60,NOAA 
1905,4,4,50,33,76,8.6,25,NOAA 
1905,5,18,1345,-4,149,7.5,60,NOAA 
1905,6,2,539,34,132,7.9,100,NOAA 
1905,6,30,1707,-1,-168,7.6,60,NOAA 
1905,7,6,1621,39.5,142.5,7.9,25,NOAA 
1905,7,9,940,49,99,8.3,60,NOAA 
1905,7,23,246,49,98,8.7,25,NOAA 
1905,9,1,245,45,143,7.5,230,NOAA 
1905,9,8,         ,39.4,16.4,7.9,25,NOAA 
1905,9,15,602,53,164,7.8,60,NOAA 
1905,11,8,2206,40.3,24.4,7.8,35,NOAA 
1906,1,21,1349,34,138,8.3,340,NOAA 
1906,1,31,1536,1,-81.5,8.8,25,NOAA 
1906,2,3,         ,3.5,-76.2,7.6,   ,NOAA 
1906,3,16,2242,23.6,120.5,7.1,   ,NOAA 
1906,4,10,2122,19,-113.8,7.5,60,NOAA 
1906,4,18,1312,38,-123,8.3,25,NOAA 
1906,7,14,1027,4.6,-74,7.6,   ,NOAA 
1906,8,17,10,51,179,8.3,25,NOAA 
1906,8,17,40,-33,-72,8.6,25,NOAA 
1906,9,14,1604,-7,149,8.3,25,NOAA 
1906,9,28,1524,-2,-79,7.9,150,NOAA 
1906,10,2,252,-4,149,7.7,60,NOAA 
1906,11,19,718,-22,109,7.8,   ,NOAA 
1906,12,3,2259,15,-61,7.9,100,NOAA 
1906,12,22,1821,43.5,85,8.3,25,NOAA 
1906,12,23,1722,59,-171,7.6,60,NOAA 
1906,12,26,653,-18,-71,7.9,60,NOAA 
1907,1,4,519,2,94.5,7.8,60,NOAA 
1907,2,23,2017,-13.2,-75.4,7.6,90,NOAA 
1907,4,15,608,17,-100,8.3,25,NOAA 
1907,4,18,21,14,123,7.6,   ,NOAA 
1907,5,4,651,-7.5,153.7,7.7,60,NOAA 
1907,5,25,1402,51.5,147,7.9,600,NOAA 
1907,6,25,1754,1,127,7.9,200,NOAA 
1907,9,2,1601,52,173,7.7,25,NOAA 
1907,10,16,1457,28,-112.5,7.7,60,NOAA 
1907,10,21,423,38.5,67.9,8.1,35,NOAA 
1907,11,16,1010,-8,-76.8,8.7,150,NOAA 
1908,2,  ,         ,38.2,15.6,7.5,   ,NOAA 
1908,3,5,216,9,126,7.5,60,NOAA 
1908,3,26,2303,18,-99,8.1,80,NOAA 
1908,5,5,616,3,123,7.5,60,NOAA 
1908,10,23,2014,36.5,70.5,7.6,220,NOAA 
1908,11,6,712,45,150,7.6,60,NOAA 
1908,12,12,         ,-8,-76,8.2,   ,NOAA 
1908,12,12,         ,26.5,97,7.5,   ,NOAA 
1908,12,12,1208,26.5,97,8.2,   ,NOAA 
1908,12,12,1208,-14,-78,8.2,60,NOAA 
1908,12,28,420,38.2,15.6,7.5,8,NOAA 
1909,1,23,248,33,53,7.7,60,NOAA 
1909,2,22,921,-18,-179,7.9,550,NOAA 
1909,3,13,1429,31.5,142.5,8.3,80,NOAA 
1909,4,10,1936,45,165,7.8,60,NOAA 
1909,6,3,1841,-2.5,101.5,7.7,   ,NOAA 
1909,6,8,546,-26.5,-70.5,7.6,60,NOAA 
1909,7,7,2137,36.5,69,8.1,230,NOAA 
1909,7,30,1051,17,-100.5,7.8,60,NOAA 
1909,10,20,2341,30,68,7.2,60,NOAA 
1909,12,9,2328,12.5,145,8,100,NOAA 
1910,1,1,1102,16.5,-84,7.5,60,NOAA 
1910,4,12,22,25.5,122.5,8.3,200,NOAA 
1910,5,22,625,42,145,7.5,60,NOAA 
1910,6,1,555,-20,169,7.5,80,NOAA 
1910,6,16,630,-19,169.5,8.6,100,NOAA 
1910,11,26,439,-14,167,8,60,NOAA 
1910,12,13,10,-8,31,7.5,   ,NOAA 
1910,12,16,1445,4.5,126,7.5,   ,NOAA 
1911,1,3,2325,43.5,77.5,8.7,25,NOAA 
1911,2,18,1841,38.2,72.8,7.4,26,NOAA 
1911,5,4,2336,51,157,7.6,240,NOAA 
1911,6,7,1102,19.7,-103.7,7.9,100,NOAA 
1911,6,15,         ,28,131,8.7,160,NOAA 
1911,7,4,1333,36.5,70.5,7.6,160,NOAA 
1911,7,12,409,9,126,7.7,60,NOAA 
1911,8,16,2241,7,137,8.1,25,NOAA 
1911,12,16,1914,16.9,-100.7,7.6,50,NOAA 
1912,1,24,1623,38,20.5,7,60,NOAA 
1912,5,6,1859,64,-20,7.5,60,NOAA 
1912,5,23,224,21,97,8,25,NOAA 
1912,7,24,1150,-5.6,-80.4,8.1,30,NOAA 
1912,8,9,129,40.5,27,7.8,   ,NOAA 
1912,9,29,2051,7,138,7.6,60,NOAA 
1912,11,7,740,57.5,-155,7.5,90,NOAA 
1912,11,19,1318,19.9,-99.8,7.8,   ,NOAA 
1912,12,7,2246,-29,-62.5,7.5,620,NOAA 
1913,1,19,2348,46,152,7.5,120,NOAA 
1913,2,24,230,-3.4,-79.6,7.7,50,NOAA 
1913,3,14,845,4.5,126.5,8.3,25,NOAA 
1913,4,25,1756,9.5,127.8,7.7,60,NOAA 
1913,5,30,1146,-5,154,7.5,60,NOAA 
1913,6,14,933,43.1,25.7,7,30,NOAA 
1913,6,26,457,-20,-174,8.2,60,NOAA 
1913,8,1,1710,47.5,155.5,7.7,60,NOAA 
1913,8,6,2214,-17,-74,7.9,25,NOAA 
1913,10,14,808,-19.5,169,8.1,230,NOAA 
1913,11,10,2112,-18,169,7.5,80,NOAA 
1914,1,30,         ,-33.3,-66.3,8.2,   ,NOAA 
1914,1,30,335,-35,-73,8.2,60,NOAA 
1914,3,30,41,16.8,-92.2,7.5,150,NOAA 
1914,5,26,1422,-2,137,7.9,60,NOAA 
1914,6,25,1906,-4.5,99,8.1,60,NOAA 
1914,8,4,         ,43.5,91.5,7.5,   ,NOAA 
1914,10,3,2206,38,30,7.7,60,NOAA 
1914,10,23,618,6,132.5,7.9,60,NOAA 
1914,11,24,1153,22,143,8.7,110,NOAA 
1915,1,13,652,41.9,13.6,7,10,NOAA 
1915,2,28,1859,23.6,123.5,7.7,60,NOAA 
1915,5,1,5,48.4,155.5,8.3,30,NOAA 
1915,6,6,2129,-18.5,-68.5,7.6,160,NOAA 
1915,7,31,131,53.5,163.3,7.7,20,NOAA 
1915,9,7,120,14,-89,7.9,80,NOAA 
1915,10,3,653,40.5,-117.5,7.8,60,NOAA 
1915,11,1,723,39,142.5,7.8,60,NOAA 
1916,1,1,1320,-4,154,7.9,25,NOAA 
1916,1,13,820,-3,135.5,8.1,25,NOAA 
1916,1,24,655,41,37,7.8,60,NOAA 
1916,2,1,736,29.5,131.5,8,60,NOAA 
1916,2,6,2151,48.5,178.5,7.7,60,NOAA 
1916,2,27,2020,12,-90,7.6,60,NOAA 
1916,4,18,401,53.3,-170,7.5,170,NOAA 
1916,4,21,1131,33,141,7.8,60,NOAA 
1916,4,24,426,18.5,-68,7.2,80,NOAA 
1916,4,24,802,11,-85,7.6,60,NOAA 
1916,6,21,2132,-28.5,-63,7.5,600,NOAA 
1916,8,3,130,-4,144.5,7.5,60,NOAA 
1916,8,25,944,-21,-68,7.5,180,NOAA 
1916,8,28,639,30,81,7.7,60,NOAA 
1916,10,31,1531,45.5,154,7.7,30,NOAA 
1917,1,30,245,55.2,164.5,8.1,40,NOAA 
1917,5,1,1826,-29,-177,8.6,60,NOAA 
1917,5,31,847,54.5,-160,7.9,60,NOAA 
1917,6,26,549,-15.5,-173,8.7,25,NOAA 
1917,7,4,38,25,123,7.7,60,NOAA 
1917,7,29,         ,-3.5,141,7.6,   ,NOAA 
1917,7,31,323,42.5,131,7.5,460,NOAA 
1917,8,30,407,-7.5,128,7.7,100,NOAA 
1917,11,16,319,-29,-177,7.8,60,NOAA 
1917,12,25,2250,13.8,-89.2,7.7,60,NOAA 
1918,1,30,2118,45.4,136.5,7.7,350,NOAA 
1918,2,7,520,6.5,126.5,7.5,120,NOAA 
1918,2,13,607,23.5,117,7.3,   ,NOAA 
1918,5,20,1755,-28.5,-71.5,7.9,80,NOAA 
1918,7,3,652,-3.5,142.5,7.5,60,NOAA 
1918,7,8,1022,24.5,91,7.6,60,NOAA 
1918,8,15,1220,5.5,123,8.3,25,NOAA 
1918,9,7,1716,45.5,151.5,8.3,25,NOAA 
1918,10,11,1414,18.5,-67.5,7.5,60,NOAA 
1918,11,8,438,44.5,151.5,7.9,25,NOAA 
1918,11,18,1841,-7,129,8.1,190,NOAA 
1918,12,4,1147,-26,-71,8.2,60,NOAA 
1919,1,1,259,-19.5,-176.5,8.3,180,NOAA 
1919,4,30,717,-19,-172.5,8.3,25,NOAA 
1919,5,3,52,40.5,145.5,7.6,60,NOAA 
1919,5,6,1941,-5,154,8.1,25,NOAA 
1920,1,3,1624,19.3,-96.9,7.8,   ,NOAA 
1920,2,2,1122,-4,152.5,7.7,60,NOAA 
1920,6,5,421,23.5,122,8.3,10,NOAA 
1920,9,20,1439,-20,168,8.3,25,NOAA 
1920,12,16,1205,36.5,105.7,8.6,25,NOAA 
1921,4,30,1104,19.7,-104.3,7.8,120,NOAA 
1921,9,11,401,-11,111,7.5,60,NOAA 
1921,11,11,1836,8,127,7.5,60,NOAA 
1921,11,15,2036,36.5,70.5,8.1,215,NOAA 
1921,12,18,1529,-2.5,-71,7.9,650,NOAA 
1922,1,17,350,2.5,-71,7.6,445,NOAA 
1922,1,31,1317,41,-125.5,7.6,   ,NOAA 
1922,9,1,1916,24.5,122,7.6,60,NOAA 
1922,10,11,1450,-16,-72.5,7.4,   ,NOAA 
1922,10,24,2121,47,151.8,7.5,90,NOAA 
1922,11,11,432,-28.5,-70,8.3,25,NOAA 
1922,12,6,1355,36.5,70.5,7.5,230,NOAA 
1923,2,2,507,52.5,160.5,7,20,NOAA 
1923,2,3,1601,53,161,8.5,40,NOAA 
1923,2,24,734,55,162.4,7.7,20,NOAA 
1923,3,24,1240,31.3,100.8,7.3,   ,NOAA 
1923,4,13,1530,55.4,162.8,7.3,20,NOAA 
1923,9,1,259,35.3,139.5,8.3,25,NOAA 
1923,9,2,246,35,139.5,7.7,60,NOAA 
1923,10,7,329,-1.8,128.8,7.5,60,NOAA 
1924,4,14,1620,6.5,126.5,8.3,60,NOAA 
1924,6,26,137,-56,157.5,8.3,25,NOAA 
1924,6,30,1544,45.1,147.4,7.6,120,NOAA 
1924,7,24,455,-49.5,159,7.5,50,NOAA 
1924,8,30,307,8.5,126.5,7.3,   ,NOAA 
1925,3,16,1442,25.7,100.2,7.1,   ,NOAA 
1925,3,22,841,-18.5,168.5,7.6,50,NOAA 
1925,10,13,1740,11,-42,7.5,60,NOAA 
1925,11,13,1216,13,125,7.3,   ,NOAA 
1926,4,12,832,-10,161,7.5,60,NOAA 
1926,6,26,1946,36.5,27.5,8.3,100,NOAA 
1926,6,29,1427,27,127,7.5,130,NOAA 
1926,10,3,1938,-49,161,7.9,50,NOAA 
1926,10,26,344,-3.2,138.5,7.9,25,NOAA 
1926,11,5,755,12.3,-85.8,7,135,NOAA 
1927,3,7,928,35.7,135,7.9,10,NOAA 
1927,5,22,2232,36.7,102,8.3,25,NOAA 
1927,7,1,818,37.5,23,7.3,33,NOAA 
1927,11,4,1350,34.5,-121.5,7.5,   ,NOAA 
1928,2,10,439,17.8,-97.6,7.7,100,NOAA 
1928,3,9,1805,-2.5,88.5,8.1,25,NOAA 
1928,3,22,417,16,-96,7.7,60,NOAA 
1928,4,17,326,17.8,-97.1,7.7,100,NOAA 
1928,4,18,1923,42.1,25,7,10,NOAA 
1928,5,14,2212,-5,-78,7.3,   ,NOAA 
1928,6,17,319,16.2,-97.2,8,50,NOAA 
1928,8,4,         ,17,-96.3,7.3,   ,NOAA 
1928,10,9,301,16,-97,7.8,60,NOAA 
1928,12,1,406,-35,-72,8.3,25,NOAA 
1929,1,13,         ,50.6,154.7,7.8,135,NOAA 
1929,2,1,1714,36.5,70.5,7.1,220,NOAA 
1929,3,7,134,51,-170,8.6,50,NOAA 
1929,5,1,1537,37.8,57.8,7.4,21,NOAA 
1929,6,13,926,8.5,127,7.2,   ,NOAA 
1929,6,16,2247,-41.8,172.2,7.7,33,NOAA 
1929,6,27,1247,-54,-29.5,8.3,25,NOAA 
1929,10,19,1012,-23,-69,7.5,100,NOAA 
1929,11,18,2032,44,-56,7.2,   ,NOAA 
1929,12,17,1058,52.5,171.5,7.8,25,NOAA 
1930,5,5,1545,17.3,96.5,7.2,   ,NOAA 
1930,5,6,2234,38,44.5,7.6,70,NOAA 
1930,11,25,1903,35,139,7.1,   ,NOAA 
1930,12,3,1850,18.2,96.4,7.3,   ,NOAA 
1930,12,25,1903,35.1,133,7,5,NOAA 
1931,1,15,150,16.1,-96.8,7.9,50,NOAA 
1931,1,27,2009,25.6,96.8,7.6,60,NOAA 
1931,2,2,2246,-39.5,177,7.9,25,NOAA 
1931,3,9,348,40.5,142.5,7.7,60,NOAA 
1931,8,10,1843,47.1,89.8,8,   ,NOAA 
1931,8,10,2118,46.5,90.5,7.9,35,NOAA 
1931,9,21,220,36.1,139.2,7,20,NOAA 
1931,10,3,1913,-10.5,161.7,7.9,25,NOAA 
1931,11,2,1002,32,131.5,7.5,60,NOAA 
1932,5,14,1311,0.5,126,8.3,25,NOAA 
1932,5,21,1010,12,-87.5,7.6,90,NOAA 
1932,5,26,1609,-25.5,179.2,7.9,600,NOAA 
1932,6,3,1036,19.5,-104.3,8.3,60,NOAA 
1932,6,18,1022,19,-103.9,7.9,50,NOAA 
1932,9,26,1920,39.8,23.8,7.2,33,NOAA 
1932,11,2,         ,-32,-131.5,7.5,   ,NOAA 
1932,12,20,         ,38.7,-117.8,7.2,   ,NOAA 
1932,12,25,204,39.2,96.5,7.6,60,NOAA 
1933,2,23,809,-20,-71,7.6,40,NOAA 
1933,3,2,1730,39.2,144.5,8.8,25,NOAA 
1933,6,24,2154,-5.5,104.8,7.5,60,NOAA 
1933,8,25,750,32,103.7,7.4,   ,NOAA 
1934,1,15,843,26.5,86.5,8.3,25,NOAA 
1934,2,14,359,17.5,119,7.9,25,NOAA 
1934,3,5,1146,-40.5,175.5,7.5,60,NOAA 
1934,7,18,         ,-11,166.1,8.1,   ,NOAA 
1934,7,18,136,8,-82.5,7.7,60,NOAA 
1934,7,18,1940,-11.7,166.5,8.1,25,NOAA 
1934,12,31,         ,31.8,-115.5,7.1,   ,NOAA 
1935,4,20,2201,24.2,120.8,7.1,   ,NOAA 
1935,5,30,         ,29.5,66.8,7.5,60,NOAA 
1935,9,11,1404,43,146.5,7.6,55,NOAA 
1935,9,20,146,-3.5,141.8,7.9,60,NOAA 
1935,12,15,707,-9.8,161,7.6,60,NOAA 
1935,12,28,235,0,98.3,8.1,60,NOAA 
1936,1,9,923,1.1,-77.6,7,   ,NOAA 
1936,4,1,209,3.5,126.7,7.7,   ,NOAA 
1936,6,30,1506,55,165,7.2,20,NOAA 
1936,8,22,651,22.3,120.8,7.3,   ,NOAA 
1936,9,9,         ,3.8,97.5,7.2,   ,NOAA 
1936,11,13,1231,56.2,163.3,7.3,20,NOAA 
1937,1,7,1320,35.5,98,7.6,60,NOAA 
1937,2,21,702,44.5,149.4,7.6,45,NOAA 
1937,4,16,301,-21.5,-177,8.1,400,NOAA 
1937,7,26,348,18.8,-97.5,7.7,   ,NOAA 
1937,8,20,1159,14.2,122.1,7.5,60,NOAA 
1937,9,27,         ,-8.7,110.8,7.2,   ,NOAA 
1937,12,23,1317,16.7,-98.5,7.7,60,NOAA 
1938,2,1,1904,-5.2,130.5,8.6,25,NOAA 
1938,5,12,1538,-6,147.8,7.5,60,NOAA 
1938,5,19,1708,-1,120,7.9,60,NOAA 
1938,6,10,953,25.5,125,7.7,60,NOAA 
1938,8,10,202,-0.3,-78.4,7,10,NOAA 
1938,11,5,843,36.7,141.7,7.7,60,NOAA 
1938,11,5,1050,37.2,142.2,7.6,60,NOAA 
1938,11,10,2018,55.5,-158,8.7,25,NOAA 
1939,1,25,332,-36.2,-72.2,8.3,60,NOAA 
1939,1,30,218,-6,155,7.9,25,NOAA 
1939,4,30,255,-10.5,158.5,8.1,25,NOAA 
1939,5,1,558,40,139.8,7,   ,NOAA 
1939,5,8,146,37,-24.5,7.1,   ,NOAA 
1939,10,11,1451,-15.3,-72.2,8.5,120,NOAA 
1939,12,21,21,0,123,8.6,150,NOAA 
1939,12,26,2357,39.7,39.7,8,18,NOAA 
1940,5,19,437,32.7,-115.5,7.1,16,NOAA 
1940,5,24,1633,-10.5,-77,8.3,60,NOAA 
1940,7,14,552,51.7,177.5,7.7,80,NOAA 
1940,8,1,1508,44.3,139.5,7.7,40,NOAA 
1940,11,10,139,45.8,26.8,7.3,150,NOAA 
1941,4,15,1909,18.3,-103.3,7.9,60,NOAA 
1941,6,26,1152,12.5,92.5,8.7,55,NOAA 
1941,11,18,1646,32,132,7.9,25,NOAA 
1941,11,25,1803,37.5,-18.5,8.3,25,NOAA 
1941,12,5,2046,8.5,-83,7.6,60,NOAA 
1941,12,16,1919,23.4,120.4,7.1,   ,NOAA 
1941,12,26,1448,22.2,100.1,7,   ,NOAA 
1942,4,8,1540,13.5,121,7.8,25,NOAA 
1942,5,14,213,-1.9,-80.6,8.3,30,NOAA 
1942,5,28,101,0,124,7.5,120,NOAA 
1942,8,6,2336,14,-91,8.3,60,NOAA 
1942,8,24,2250,-15.5,-74.7,8.6,70,NOAA 
1942,11,8,         ,-16,-76,8,   ,NOAA 
1942,11,10,1141,-49.5,32,8.3,25,NOAA 
1942,11,26,2220,40.5,34,7.6,   ,NOAA 
1942,12,20,1403,40.7,36.8,7.3,16,NOAA 
1943,2,22,920,16.7,-101.5,7.5,60,NOAA 
1943,4,6,1607,-30.7,-72,8.3,60,NOAA 
1943,5,25,2307,7.5,128,8.1,60,NOAA 
1943,6,9,306,-1,101,7.6,50,NOAA 
1943,7,23,1453,-9.5,110,8.1,90,NOAA 
1943,7,29,302,19.2,-67.5,7.9,25,NOAA 
1943,9,6,341,-53,159,7.9,25,NOAA 
1943,9,10,837,35.5,134.2,7.4,10,NOAA 
1943,9,14,201,-22,171,7.6,50,NOAA 
1943,10,23,         ,21.5,93.5,7.2,   ,NOAA 
1943,11,6,         ,-6,134.3,7.6,60,NOAA 
1943,11,26,2220,41.4,33.8,7.6,33,NOAA 
1943,11,28,1711,54.9,156.8,7.6,350,NOAA 
1944,1,15,2349,-31.6,-68.5,7.8,50,NOAA 
1944,2,1,323,41.5,32.4,7.6,   ,NOAA 
1944,3,22,43,-8.5,123.5,7.5,220,NOAA 
1944,5,25,1258,-2.5,152.8,7.5,60,NOAA 
1944,10,5,1728,-22.5,172,7.5,120,NOAA 
1944,10,6,2134,39.4,26.7,7.2,33,NOAA 
1944,11,24,449,-19,169,7.5,170,NOAA 
1944,12,7,436,33.7,136,8.3,25,NOAA 
1945,1,12,1838,34.7,137,7.1,   ,NOAA 
1945,11,27,2156,24.5,63,8.3,25,NOAA 
1945,12,28,1748,-6,150,7.8,60,NOAA 
1946,4,1,1229,52.8,-162.5,7.4,50,NOAA 
1946,8,2,1918,-26.5,-70.5,7.9,50,NOAA 
1946,8,4,1751,19.3,-69,8.1,60,NOAA 
1946,8,8,1328,19.5,-69.5,7.9,25,NOAA 
1946,9,12,1517,23.5,96,7.5,60,NOAA 
1946,9,29,301,-4.5,153.5,7.7,60,NOAA 
1946,11,2,1828,41.5,72.5,7.6,35,NOAA 
1946,11,4,2147,39.3,55.4,7,26,NOAA 
1946,11,10,1742,-8.5,-77.5,7.3,12,NOAA 
1946,12,20,1919,33,135.6,8.3,30,NOAA 
1947,1,28,         ,-26.5,-63,7.5,   ,NOAA 
1947,3,17,819,33,99.5,7.7,60,NOAA 
1947,5,6,2030,-6.5,148.5,7.6,60,NOAA 
1947,7,29,1343,28.5,94,7.9,60,NOAA 
1947,8,5,1424,25.1,63.4,7.6,   ,NOAA 
1947,10,6,1955,36.9,22,7.8,   ,NOAA 
1947,11,1,1459,-11,-75,7.6,100,NOAA 
1948,1,24,1746,10.5,122,8.3,25,NOAA 
1948,2,9,1258,35.5,27.1,7.1,30,NOAA 
1948,3,1,112,-3,127.5,7.9,50,NOAA 
1948,5,11,856,-17.4,-71,7.1,60,NOAA 
1948,5,14,2231,54.5,-161,7.5,25,NOAA 
1948,5,25,711,29.7,100.3,7.3,   ,NOAA 
1948,6,28,713,36.1,136.2,7.3,20,NOAA 
1948,9,8,1509,-21,-174,7.9,25,NOAA 
1948,10,5,2012,38,58.3,7.5,18,NOAA 
1949,3,4,1019,36.6,70.6,7.7,300,NOAA 
1949,4,13,1956,47.1,-122.7,7,   ,NOAA 
1949,4,20,329,-38,-73.5,7.3,70,NOAA 
1949,7,10,353,39.2,70.8,7.6,18,NOAA 
1949,8,6,         ,-20,-175,7.5,   ,NOAA 
1949,8,6,35,-18.5,-174.5,7.5,70,NOAA 
1949,8,22,401,53.7,-133.2,8.1,25,NOAA 
1949,11,22,51,-29,-178,7.5,100,NOAA 
1949,12,17,653,-54,-71,7.8,60,NOAA 
1949,12,29,303,18,121,7.2,   ,NOAA 
1950,2,28,1020,46,144,7.9,340,NOAA 
1950,3,7,803,-8,-71,8.6,550,NOAA 
1950,5,16,1323,-15,-69.5,7.9,250,NOAA 
1950,8,15,1409,28.6,96.5,8.7,25,NOAA 
1950,10,5,1609,11,-85,7.7,60,NOAA 
1950,10,8,323,-3.8,128.3,7.6,60,NOAA 
1950,11,2,1527,-6.5,129.5,8.1,50,NOAA 
1950,12,2,1951,-18.3,167.5,8.1,60,NOAA 
1950,12,9,2138,-23.5,-67.5,8.3,100,NOAA 
1950,12,10,250,-14.5,-76.5,7,10,NOAA 
1950,12,10,1323,-28.5,-179,7.8,300,NOAA 
1950,12,14,152,-19.2,-175.7,7.9,200,NOAA 
1950,12,14,1415,16.299,-98.2,7.5,50,NOAA 
1951,3,19,         ,9.5,127.3,7.8,   ,NOAA 
1951,3,23,2138,-31,180,7.6,300,NOAA 
1951,5,16,1323,-15,-69.5,7.9,250,NOAA 
1951,10,22,329,23.7,121.2,7.1,   ,NOAA 
1951,11,18,935,30.5,91,8,25,NOAA 
1951,11,24,1850,23,122.5,7.3,   ,NOAA 
1951,12,8,414,-34,57,7.9,25,NOAA 
1952,2,26,1131,-14.1,-69.9,7.5,   ,NOAA 
1952,3,4,603,42.5,143,8.6,25,NOAA 
1952,3,9,1703,41.7,142.5,7.1,   ,NOAA 
1952,3,19,1057,9.5,127.2,7.9,25,NOAA 
1952,7,21,1152,35,-119,7.7,16,NOAA 
1952,8,17,1602,30.5,91.5,7.5,60,NOAA 
1952,11,4,1658,52.3,161,8.5,40,NOAA 
1953,3,18,1906,40,27.4,7.5,10,NOAA 
1953,4,23,1624,-4,154,7.5,60,NOAA 
1953,5,6,1716,-36.5,-72.6,7.6,60,NOAA 
1953,7,2,656,-19.5,169.5,7.5,250,NOAA 
1953,8,12,923,38.3,20.8,7.3,33,NOAA 
1953,11,25,1748,33.9,141.5,8.3,40,NOAA 
1953,12,7,205,-22.1,-68.7,7.4,128,NOAA 
1953,12,12,1731,-3.9,-80.4,7.8,30,NOAA 
1954,2,8,         ,-29,-70.5,7.7,   ,NOAA 
1954,3,21,2342,24.4,95.2,7.5,180,NOAA 
1954,3,29,617,37,-3.5,7,640,NOAA 
1954,4,20,         ,39.8,22.1,7,   ,NOAA 
1954,4,29,1134,29.5,-29.5,7.5,   ,NOAA 
1954,4,30,1302,39.3,22.2,7.2,15,NOAA 
1954,12,16,1107,39.3,-118.2,7,   ,NOAA 
1955,2,27,2043,-28,-175.5,7.8,60,NOAA 
1955,3,31,1817,8.1,123.2,7.8,55,NOAA 
1955,4,14,129,30,101.7,7.4,   ,NOAA 
1955,4,19,2024,-30,-72,7,   ,NOAA 
1956,1,10,         ,-20,-175,7.7,   ,NOAA 
1956,1,16,2337,-0.5,-80.5,7.3,   ,NOAA 
1956,1,24,         ,12.2,-86.7,7.3,   ,NOAA 
1956,5,23,2048,-15,-179,7.5,430,NOAA 
1956,6,9,         ,34.3,69.1,7.6,60,NOAA 
1956,7,9,311,36.7,25.8,7.8,60,NOAA 
1956,7,16,1507,22.2,95.7,7,39,NOAA 
1956,7,18,619,-5.5,130,7.5,190,NOAA 
1956,10,11,224,45.9,150.5,7.8,105,NOAA 
1957,2,23,2026,23,122,7.1,69,NOAA 
1957,3,8,1221,39.3,22.6,7,16,NOAA 
1957,3,9,1422,51.3,-175.8,8.6,33,NOAA 
1957,3,22,1421,55,-165.2,7.5,   ,NOAA 
1957,4,14,1918,-15.5,-173,7.6,60,NOAA 
1957,4,16,404,-4.6,107.1,7.5,546,NOAA 
1957,4,25,225,36.5,28.8,7.1,18,NOAA 
1957,5,26,633,40.7,30.9,7.2,   ,NOAA 
1957,6,22,2350,-1.5,137,7.5,   ,NOAA 
1957,6,27,         ,56.3,116.5,7.9,16,NOAA 
1957,7,2,42,36.2,52.7,7.4,   ,NOAA 
1957,7,28,840,17,-99.1,7.9,60,NOAA 
1957,9,24,821,5.5,127.5,7.6,60,NOAA 
1957,9,28,1420,-20.4,-178.5,7.5,549,NOAA 
1957,11,29,2219,-21,-66,7.8,170,NOAA 
1957,12,4,337,45.2,99.4,8.3,60,NOAA 
1957,12,13,145,34.4,47.6,7.3,42,NOAA 
1957,12,17,1350,-12.3,166.7,7.8,120,NOAA 
1958,1,15,1914,-16.5,-71.5,7.3,100,NOAA 
1958,1,19,1407,1.3,-79.3,7.8,40,NOAA 
1958,3,11,26,24.6,124.2,7.5,77,NOAA 
1958,7,10,616,58.6,-137.1,7.9,60,NOAA 
1958,7,26,1738,-13.5,-69,7.5,620,NOAA 
1958,11,6,2258,44.3,148.5,8.7,32,NOAA 
1959,4,26,2040,24.9,122.8,7.7,113,NOAA 
1959,5,4,715,53.1,160.3,8,20,NOAA 
1959,6,14,11,-20.5,-68,7.5,100,NOAA 
1959,6,18,1531,53.9,160.5,7,15,NOAA 
1959,8,17,2104,-7.8,156.3,7.3,   ,NOAA 
1959,8,18,637,44.8,-111.1,7.7,   ,NOAA 
1959,9,14,1409,-28.5,-177,7.8,60,NOAA 
1960,1,13,1540,-15.8,-72.8,7.5,120,NOAA 
1960,1,15,930,-15,-75,7,150,NOAA 
1960,5,21,1002,-37.5,-73.5,7.3,   ,NOAA 
1960,5,22,1911,-39.5,-74.5,8.5,60,NOAA 
1961,2,26,1810,31.6,131.8,7.1,40,NOAA 
1961,3,7,1010,-28.3,-175.7,7.5,40,NOAA 
1961,6,11,510,27.9,54.5,7.2,37,NOAA 
1961,8,19,533,36,136.7,7.3,   ,NOAA 
1961,8,31,157,-10.5,-70.7,7.5,629,NOAA 
1961,9,1,9,-59.5,-27.3,7.7,131,NOAA 
1961,9,8,1126,-56.3,-27.1,7.7,125,NOAA 
1962,2,14,636,-37.8,-72.5,7.3,45,NOAA 
1962,5,11,1411,17,-99.6,7,40,NOAA 
1962,5,19,1458,17.2,-99.5,7.1,33,NOAA 
1962,7,26,814,7.5,-82.8,7.5,33,NOAA 
1962,9,1,1920,35.6,49.9,7.3,20,NOAA 
1963,2,13,850,24.5,122.1,7.3,47,NOAA 
1963,3,16,844,46.6,154.7,7.5,10,NOAA 
1963,3,24,1244,34.4,47.8,7.2,42,NOAA 
1963,3,31,227,37,57.9,7,33,NOAA 
1963,8,15,1725,-13.8,-69.3,7.7,543,NOAA 
1963,10,13,517,44.8,149.5,8.3,47,NOAA 
1963,10,20,53,44.6,150.5,7.5,   ,NOAA 
1963,11,4,117,-6.8,129.6,8.2,80,NOAA 
1964,3,28,336,61.1,-147.6,8.5,23,NOAA 
1964,4,2,111,5.8,95.6,7,132,NOAA 
1964,6,16,401,38.3,139.1,7.4,57,NOAA 
1964,6,23,126,43.3,146.1,7.6,77,NOAA 
1964,7,5,         ,-15.5,166.5,7.5,   ,NOAA 
1964,7,6,722,18.3,-100.4,7.4,100,NOAA 
1964,10,6,1431,40.3,28.2,7,15,NOAA 
1964,11,17,815,-5.7,150.7,7.6,45,NOAA 
1965,1,24,11,-2.4,126,7.6,6,NOAA 
1965,2,4,501,51.3,178.6,8.2,36,NOAA 
1965,3,14,1553,36.6,70.8,7.8,215,NOAA 
1965,3,28,1633,-32.4,-71.2,7.4,61,NOAA 
1965,3,30,227,50.6,177.9,7.5,51,NOAA 
1965,3,31,947,38.6,22.4,7.1,78,NOAA 
1965,8,23,1946,16.299,-95.8,7.8,30,NOAA 
1966,3,12,1631,24.2,122.6,8,48,NOAA 
1966,3,20,142,0.7,29.8,7,24,NOAA 
1966,3,22,819,37.5,115.1,7.6,33,NOAA 
1966,6,15,59,-10.4,160.8,7.8,31,NOAA 
1966,8,19,1222,39.2,41.6,7.1,33,NOAA 
1966,10,17,2142,-10.7,-78.7,8,38,NOAA 
1966,12,28,818,-25.4,-70.7,8,47,NOAA 
1966,12,31,1823,-11.8,164.8,7.7,56,NOAA 
1967,1,5,14,48.1,102.8,7.5,35,NOAA 
1967,7,22,1656,40.7,30.7,7.3,25,NOAA 
1967,7,29,1025,6.8,-73,7.5,161,NOAA 
1967,10,25,59,24.5,122.2,7,63,NOAA 
1967,12,21,225,-21.8,-70,7.5,33,NOAA 
1968,2,12,544,-5.5,153.2,7.8,74,NOAA 
1968,2,19,2245,39.4,25,7.5,7,NOAA 
1968,2,28,         ,37.7,-29.4,7.6,   ,NOAA 
1968,4,1,42,32.5,132.3,7.8,37,NOAA 
1968,5,16,48,40.9,143.4,8.1,9,NOAA 
1968,5,16,1039,41.5,142.7,8,33,NOAA 
1968,5,23,1724,-41.7,172,7.1,21,NOAA 
1968,5,28,1327,-2.9,139.3,7.7,65,NOAA 
1968,6,12,1341,39.5,142.7,7.8,45,NOAA 
1968,6,19,813,-5.5,-77.1,7,28,NOAA 
1968,7,25,723,-30.8,-178.4,7.7,60,NOAA 
1968,8,1,2019,16.5,122.2,7.7,36,NOAA 
1968,8,2,1406,16.5,-97.8,7.5,36,NOAA 
1968,8,10,207,1.4,126.2,7.6,1,NOAA 
1968,8,14,2214,0.1,119.7,7.4,23,NOAA 
1968,8,31,1047,34.2,59,7.3,25,NOAA 
1968,10,7,1920,26.3,140.6,7.5,516,NOAA 
1968,10,14,258,-31.6,117,7.4,5,NOAA 
1968,10,23,2104,-3.4,143.3,7.5,21,NOAA 
1969,1,5,1326,-7.9,158.9,7.5,47,NOAA 
1969,1,19,702,45,143.2,7.6,204,NOAA 
1969,1,30,1029,4.8,127.4,7.9,70,NOAA 
1969,2,28,240,36,-10.5,8,22,NOAA 
1969,3,31,715,27.7,34,7.1,33,NOAA 
1969,7,18,524,38.4,119.5,7.6,6,NOAA 
1969,8,11,2127,43.5,147.4,8.2,28,NOAA 
1969,11,21,205,2.1,94.6,8.2,20,NOAA 
1969,11,22,2309,57.8,163.6,7.7,20,NOAA 
1969,12,25,2132,15.8,-59.7,7.6,7,NOAA 
1970,1,4,17,24.2,102.7,7.7,13,NOAA 
1970,1,10,1207,6.8,126.7,7.6,73,NOAA 
1970,3,28,2102,39.1,29.4,7.3,20,NOAA 
1970,4,7,534,15.8,121.7,7.6,37,NOAA 
1970,5,31,2023,-9.4,-78.9,7.8,64,NOAA 
1970,6,11,1646,-59.1,157.8,7.6,33,NOAA 
1970,6,24,1309,51.8,-131,7.5,12,NOAA 
1970,7,31,1708,-1.5,-72.6,7.1,651,NOAA 
1970,8,11,1022,-14.1,166.7,7.5,33,NOAA 
1970,10,31,1753,-4.9,145.5,7,42,NOAA 
1970,12,10,434,-4,-80.7,7.6,25,NOAA 
1971,1,10,717,-3.2,139.7,8.1,34,NOAA 
1971,2,4,1533,0.5,98.7,7.1,40,NOAA 
1971,5,22,1643,38.8,40.5,7,3,NOAA 
1971,6,17,21,-25.4,-69.4,7,76,NOAA 
1971,7,9,303,-32.5,-71.3,7.5,58,NOAA 
1971,7,14,611,-5.5,153.9,7.9,47,NOAA 
1971,7,26,123,-4.9,153.2,7.9,43,NOAA 
1971,7,27,203,-2.7,-77.4,7.5,135,NOAA 
1971,9,5,1835,46.8,141.2,7.7,9,NOAA 
1971,10,27,1758,-15.6,167.2,7.1,49,NOAA 
1971,11,24,1935,52.9,159.2,7.5,106,NOAA 
1971,12,15,829,55.9,163.4,7.8,30,NOAA 
1972,1,4,316,22.5,122.1,7.6,6,NOAA 
1972,1,25,341,23.1,122.1,7.7,34,NOAA 
1972,2,29,922,33.3,141,7.2,50,NOAA 
1972,4,10,207,28.4,52.8,7.1,33,NOAA 
1972,4,24,957,23.6,121.6,7.2,33,NOAA 
1972,4,25,1930,13.4,120.3,7.5,38,NOAA 
1972,6,11,1641,3.9,124.3,7.7,325,NOAA 
1972,7,30,2145,56.8,-135.9,7.6,29,NOAA 
1972,11,2,1955,-20,168.8,7.5,32,NOAA 
1972,12,2,19,6.4,126.6,7.8,73,NOAA 
1972,12,4,1016,33.3,140.7,7.7,66,NOAA 
1973,1,30,2101,18.5,-103,7.8,43,NOAA 
1973,2,6,1037,31.3,100.5,7.7,5,NOAA 
1973,2,28,637,50.4,156.7,7.5,27,NOAA 
1973,3,17,830,13.3,122.7,7.5,33,NOAA 
1973,6,17,355,43.2,145.7,7.7,48,NOAA 
1973,6,24,243,43.4,146.5,7.5,65,NOAA 
1973,7,14,451,35.2,86.4,7.5,22,NOAA 
1973,8,28,950,18.2,-96.6,7.3,75,NOAA 
1973,10,6,1507,-61,-21.7,7.5,33,NOAA 
1973,10,27,659,70.8,54.2,7.6,0,NOAA 
1973,12,28,1341,-14.6,166.8,7.8,13,NOAA 
1973,12,29,19,-15.1,166.9,7.2,13,NOAA 
1974,5,8,2333,34.6,138.8,7,2,NOAA 
1974,7,4,1930,45.2,93.9,7.5,16,NOAA 
1974,7,13,118,7.8,-77.6,7.3,12,NOAA 
1974,10,3,1421,-12.2,-77.8,7.6,13,NOAA 
1974,10,8,950,17.4,-62,7.5,41,NOAA 
1975,1,19,802,32.5,78.4,7,33,NOAA 
1975,2,2,843,53.1,-173.4,7.6,10,NOAA 
1975,2,4,1136,40.6,122.5,7.4,33,NOAA 
1975,5,10,1427,-38.1,-73.2,7.8,6,NOAA 
1975,5,26,911,35.9,-17.6,8.1,33,NOAA 
1975,7,20,1437,-6.5,155,7.9,49,NOAA 
1975,7,20,1954,-7.1,155.2,7.7,44,NOAA 
1975,10,11,1435,-24.9,-175.1,7.8,9,NOAA 
1975,10,31,828,12.5,126,7.6,50,NOAA 
1975,11,29,1448,19.3,-155,7.2,5,NOAA 
1975,12,26,1556,-16.299,-172.5,7.8,33,NOAA 
1976,1,14,1556,-29.2,-177.8,7.8,69,NOAA 
1976,1,14,1647,-29,-177.4,8.2,56,NOAA 
1976,2,4,901,15.3,-89.1,7.5,5,NOAA 
1976,4,8,240,40.3,63.7,7.3,10,NOAA 
1976,5,17,258,40.3,63.4,7.3,30,NOAA 
1976,5,29,1223,24.5,98.9,7.5,8,NOAA 
1976,5,29,14,24.5,98.7,7,10,NOAA 
1976,6,25,1918,-4.6,140,7.1,33,NOAA 
1976,7,27,1942,39.5,117.9,8,23,NOAA 
1976,7,28,1045,39.6,118.4,7.4,26,NOAA 
1976,8,16,1611,6.2,124,8,33,NOAA 
1976,10,29,251,-4.7,140.2,7.2,30,NOAA 
1976,11,24,1222,39.1,44,7.3,36,NOAA 
1976,11,27,2142,36.5,71.1,7,190,NOAA 
1976,11,30,40,-20.5,-68.9,7.3,82,NOAA 
1977,3,4,1921,45.8,26.7,7.2,86,NOAA 
1977,3,18,2143,16.7,122.3,7.5,40,NOAA 
1977,3,21,2118,27.7,56.5,7,33,NOAA 
1977,4,2,715,-16.7,-172.1,7.6,33,NOAA 
1977,4,20,2349,-9.8,160.8,7.5,33,NOAA 
1977,4,21,424,-9.9,160.7,8.1,33,NOAA 
1977,6,22,1208,-22.8,-175.9,7.2,65,NOAA 
1977,8,19,608,-11.1,118.5,8,3,NOAA 
1977,11,23,926,-31,-67.8,7.4,4,NOAA 
1978,2,9,2135,-30.7,-177.4,7.7,33,NOAA 
1978,3,23,31,44.3,149,7.6,40,NOAA 
1978,3,23,315,44.9,148.4,7.5,33,NOAA 
1978,3,24,1947,44.2,148.9,7.6,33,NOAA 
1978,3,24,2105,42.8,78.6,7.2,34,NOAA 
1978,6,12,814,38.2,142,7.7,44,NOAA 
1978,7,24,2354,22.1,121.4,8,18,NOAA 
1978,9,16,1535,33.2,57.4,7.7,33,NOAA 
1978,11,29,1952,16.1,-96.5,7.8,49,NOAA 
1978,12,6,1402,44.7,146.4,7.5,97,NOAA 
1979,3,14,1107,17.8,-101.3,7.6,49,NOAA 
1979,4,15,619,42.1,19.1,7,33,NOAA 
1979,9,12,517,-1.7,135.9,8.1,5,NOAA 
1979,10,12,1025,-46.7,165.7,7.5,33,NOAA 
1979,11,27,1710,34.1,59.9,7.1,10,NOAA 
1979,12,12,759,1.6,-79.3,7.9,24,NOAA 
1980,7,8,2319,-12.4,166.4,7.8,33,NOAA 
1980,7,17,1942,-12.5,166.9,8,33,NOAA 
1980,10,10,1225,36.2,1.4,7.7,5,NOAA 
1980,11,8,1027,41.2,-124.4,7,14,NOAA 
1981,5,25,525,-48.8,164.4,7.6,33,NOAA 
1981,7,28,1722,30,57.8,7.3,33,NOAA 
1981,9,1,929,-15,-173.1,7.9,25,NOAA 
1981,10,16,325,-33.1,-73.1,7.5,33,NOAA 
1981,10,25,322,18.2,-102,7.4,28,NOAA 
1981,12,19,1410,39.2,25.2,7.6,10,NOAA 
1982,1,11,610,13.8,124.3,7.4,38,NOAA 
1982,6,7,1059,16.6,-98.3,7,20,NOAA 
1982,6,19,622,13.2,-89.4,7,75,NOAA 
1982,8,5,2032,-12.6,165.9,7.5,31,NOAA 
1982,12,19,1744,-24.2,-176,7.7,33,NOAA 
1983,3,18,905,-4.9,153.6,7.9,88,NOAA 
1983,4,3,250,8.7,-83.1,7.3,28,NOAA 
1983,5,26,3,40.6,139.1,7.8,24,NOAA 
1983,8,6,1543,40.2,24.7,7,2,NOAA 
1983,10,4,1852,-26.6,-70.6,7.3,5,NOAA 
1983,10,28,1406,44.1,-113.8,7.3,10,NOAA 
1983,11,30,1746,-6.9,72.1,7.7,10,NOAA 
1983,12,30,2352,36.4,71.8,7.2,209,NOAA 
1984,2,7,2133,-10,160.5,7.7,18,NOAA 
1984,3,19,2028,40.3,63.3,7.1,15,NOAA 
1985,3,3,2247,-33.1,-71.7,7.8,36,NOAA 
1985,4,9,156,-34,-71.5,7.5,61,NOAA 
1985,5,10,1536,-5.6,151.1,7.1,27,NOAA 
1985,7,3,437,-4.4,152.8,7.2,46,NOAA 
1985,8,23,1241,39.5,75.3,7.5,7,NOAA 
1985,9,19,1318,18.5,-102.3,8.1,29,NOAA 
1985,9,21,137,17.8,-101.7,7.6,42,NOAA 
1985,11,17,940,-1.8,134.8,7.3,10,NOAA 
1985,11,28,349,-14,166.2,7.6,33,NOAA 
1985,12,21,113,-14,166.5,7.6,43,NOAA 
1986,5,7,2247,51.5,-174.8,7.7,19,NOAA 
1986,10,20,646,-28.1,-176.4,8.8,33,NOAA 
1986,11,14,2120,23.9,121.8,7.8,38,NOAA 
1987,2,8,1834,-6.1,147.7,7.6,62,NOAA 
1987,3,5,917,-24.4,-70.3,7.3,63,NOAA 
1987,8,8,1548,-19,-70,7.1,42,NOAA 
1987,9,3,640,-58.9,158.5,7.7,33,NOAA 
1987,10,16,2048,-6.2,149.1,7.7,48,NOAA 
1987,11,30,1923,58.8,-142.6,7.7,10,NOAA 
1988,3,6,2235,57.3,-142.8,7.6,10,NOAA 
1988,8,6,36,25.1,95.1,7.2,100,NOAA 
1988,8,10,438,-10.3,160.9,7.4,40,NOAA 
1988,11,6,1303,22.8,99.6,7.6,18,NOAA 
1989,4,25,1429,16.8,-99.3,7.3,21,NOAA 
1989,5,23,1054,-52.4,160.6,8.3,10,NOAA 
1989,10,18,         ,37.1,-121.8,7.1,19,NOAA 
1989,11,1,1825,39.9,142.8,7.5,29,NOAA 
1989,12,15,1844,8.3,126.7,7.3,24,NOAA 
1990,3,25,1322,9.9,-84.8,7,22,NOAA 
1990,4,5,2112,15.1,147.6,7.5,11,NOAA 
1990,4,18,1339,1.2,122.9,7.4,26,NOAA 
1990,5,20,222,5.1,32.099,7.1,15,NOAA 
1990,5,24,20,5.4,31.8,7,16,NOAA 
1990,5,30,1040,45.8,26.7,7.1,89,NOAA 
1990,6,14,740,11.8,121.9,7.1,18,NOAA 
1990,6,20,21,37,49.4,7.7,19,NOAA 
1990,7,16,726,15.7,121.2,7.8,25,NOAA 
1991,1,5,1457,23.6,95.9,7.3,20,NOAA 
1991,4,22,2157,9.7,-83.1,7.6,10,NOAA 
1991,4,29,913,42.5,43.7,7.3,17,NOAA 
1991,6,20,519,1.2,122.8,7.2,31,NOAA 
1991,10,19,2123,30.8,78.8,7,10,NOAA 
1991,11,19,2228,4.5,-77.4,7,21,NOAA 
1992,4,25,1806,40.4,-124.3,7.1,15,NOAA 
1992,5,17,1015,7.2,126.8,7.5,33,NOAA 
1992,6,28,1158,34.2,-116.4,7.6,1,NOAA 
1992,8,19,205,42.1,73.6,7.5,27,NOAA 
1992,9,2,16,11.7,-87.3,7.2,45,NOAA 
1992,9,11,357,-6.1,26.7,7,11,NOAA 
1992,10,11,1924,-19.2,169,7.2,129,NOAA 
1992,10,17,833,6.8,-76.8,7,14,NOAA 
1992,10,18,1512,7.1,-76.9,7.4,10,NOAA 
1992,12,12,529,-8.5,121.9,7.5,28,NOAA 
1993,1,15,1106,43.3,143.7,7.1,102,NOAA 
1993,6,8,1304,51.2,157.8,7.5,71,NOAA 
1993,7,12,1317,42.9,139.2,7.7,17,NOAA 
1993,8,8,834,13,144.8,8.2,59,NOAA 
1993,9,10,1913,14.7,-92.7,7.3,34,NOAA 
1993,10,13,206,-5.9,146,7.2,25,NOAA 
1994,2,15,1708,-5,104.3,7,23,NOAA 
1994,3,9,2328,-18,-178.4,7.6,563,NOAA 
1994,6,2,1818,-10.5,112.8,7.8,18,NOAA 
1994,6,9,33,-13.8,-67.6,8.2,631,NOAA 
1994,6,18,325,-43,171.7,7.1,14,NOAA 
1994,10,4,1323,43.8,147.3,8.3,14,NOAA 
1994,11,14,1916,13.6,121.1,7.1,32,NOAA 
1994,12,28,1219,40.5,143.4,7.8,27,NOAA 
1995,1,6,223734,40.2,142.2,7.0,26,PDE  
1995,2,5,225105,-37.8,178.8,7.1,21,PDE  
1995,4,7,220657,-15.2,-173.5,7.4,21,PDE  
1995,4,21,3446,12.1,125.6,7.2,20,PDE  
1995,5,5,35345,12.6,125.3,7.1,16,PDE  
1995,5,16,201244,-23.0,169.9,7.7,20,PDE  
1995,5,27,130353,52.6,142.8,7.1,11,PDE  
1995,7,3,195051,-29.2,-177.6,7.2,35,PDE  
1995,7,30,51124,-23.3,-70.3,8.0,45,PDE  
1995,8,16,102729,-5.8,154.2,7.7,30,PDE  
1995,8,16,231024,-5.8,154.3,7.2,33,PDE  
1995,8,23,70603,18.9,145.2,7.1,594,PDE  
1995,9,14,140431,16.8,-98.6,7.4,23,PDE  
1995,10,3,15124,-2.8,-77.9,7.0,24,PDE  
1995,10,9,153554,19.1,-104.2,8.0,33,PDE  
1995,10,18,103726,27.9,130.2,7.1,28,PDE  
1995,10,21,23857,16.8,-93.5,7.2,159,PDE  
1995,11,22,41512,28.8,34.8,7.2,10,PDE  
1995,12,3,180109,44.7,149.3,7.9,33,PDE  
1995,12,25,44324,-6.9,129.2,7.1,141,PDE  
1996,1,1,80511,0.7,119.9,7.9,24,PDE  
1996,2,7,213646,45.3,149.9,7.2,42,PDE  
1996,2,17,55931,-0.9,137.0,8.2,33,PDE  
1996,2,21,125101,-9.6,-79.6,7.5,10,PDE  
1996,2,25,30816,16.0,-98.1,7.1,21,PDE  
1996,4,16,3055,-24.1,-177.0,7.2,110,PDE  
1996,4,29,144041,-6.5,155.0,7.2,44,PDE  
1996,6,2,25210,10.8,-42.3,7.0,10,PDE  
1996,6,10,40335,51.6,-177.6,7.9,33,PDE  
1996,6,10,152456,51.5,-176.8,7.3,26,PDE  
1996,6,11,182256,12.6,125.2,7.1,33,PDE  
1996,6,17,112219,-7.1,122.6,7.9,587,PDE  
1996,7,22,141936,1.0,120.5,7.0,33,PDE  
1996,8,5,223822,-20.7,-178.3,7.4,550,PDE  
1996,11,12,165944,-15.0,-75.7,7.7,33,PDE  
1997,1,11,202826,18.2,-102.8,7.2,33,PDE  
1997,1,23,21523,-22.0,-65.7,7.1,276,PDE  
1997,2,27,210802,30.0,68.2,7.1,33,PDE  
1997,4,21,120226,-12.6,166.7,7.7,33,PDE  
1997,5,10,75730,33.8,59.8,7.3,10,PDE  
1997,5,25,232233,-32.1,179.8,7.1,332,PDE  
1997,7,9,192413,10.6,-63.5,7.0,19,PDE  
1997,9,20,161132,-28.7,-177.6,7.0,30,PDE  
1997,10,14,95318,-22.1,-176.8,7.8,167,PDE  
1997,10,15,10333,-30.9,-71.2,7.1,58,PDE  
1997,10,28,61517,-4.4,-76.7,7.2,112,PDE  
1997,11,8,100253,35.1,87.3,7.5,33,PDE  
1997,11,15,185924,-15.1,167.4,7.0,123,PDE  
1997,11,25,121434,1.2,122.5,7.0,24,PDE  
1997,12,5,112655,54.8,162.0,7.8,33,PDE  
1997,12,22,20550,-5.5,147.9,7.2,179,PDE  
1998,1,4,61159,-22.3,170.9,7.5,100,PDE  
1998,1,30,121609,-23.9,-70.2,7.1,42,PDE  
1998,3,25,31225,-62.9,149.5,8.1,10,PDE  
1998,3,29,194816,-17.6,-179.1,7.2,537,PDE  
1998,4,1,175623,-0.5,99.3,7.0,55,PDE  
1998,5,3,233022,22.3,125.3,7.5,33,PDE  
1998,7,16,115636,-11.0,166.2,7.0,110,PDE  
1998,7,17,84913,-3.0,141.9,7.0,10,PDE  
1998,8,4,185920,-0.6,-80.4,7.2,33,PDE  
1998,8,20,64056,28.9,139.3,7.1,440,PDE  
1998,11,9,53844,-6.9,128.9,7.0,33,PDE  
1998,11,29,141032,-2.1,124.9,7.7,33,PDE  
1999,1,19,33534,-4.6,153.2,7.0,114,PDE  
1999,2,6,214759,-12.9,166.7,7.3,90,PDE  
1999,3,4,85202,5.4,121.9,7.1,33,PDE  
1999,4,5,110804,-5.6,149.6,7.4,150,PDE  
1999,4,8,131034,43.6,130.4,7.1,565,PDE  
1999,5,10,203302,-5.2,150.9,7.1,138,PDE  
1999,5,16,5120,-4.8,152.5,7.1,73,PDE  
1999,6,15,204206,18.4,-97.4,7.0,70,PDE  
1999,8,17,139,40.7,29.9,7.6,17,PDE  
1999,9,20,174718,23.8,121.0,7.7,33,PDE  
1999,9,30,163116,16.1,-96.9,7.5,60,PDE  
1999,10,16,94644,34.6,-116.3,7.1,0,PDE  
1999,11,12,165720,40.8,31.2,7.2,10,PDE  
1999,11,15,54243,-1.3,89.0,7.0,10,PDE  
1999,11,19,135646,-6.4,148.8,7.0,33,PDE  
1999,11,26,132116,-16.4,168.2,7.5,33,PDE  
1999,12,6,231234,57.4,-154.5,7.0,66,PDE  
1999,12,11,180336,15.8,119.7,7.3,33,PDE  
2000,1,8,164721,-16.9,-174.2,7.2,183,PDE  
2000,2,25,14359,-19.5,173.8,7.1,33,PDE  
2000,3,28,110023,22.3,143.7,7.6,126,PDE  
2000,4,23,92723,-28.3,-63.0,7.0,608,PDE  
2000,5,4,42116,-1.1,123.6,7.6,26,PDE  
2000,5,12,184318,-23.5,-66.5,7.2,225,PDE  
2000,6,4,162826,-4.7,102.1,7.9,33,PDE  
2000,6,18,144413,-13.8,97.5,7.9,10,PDE  
2000,8,6,72713,28.9,139.6,7.4,394,PDE  
2000,10,4,165844,-15.4,166.9,7.0,23,PDE  
2000,10,29,83709,-4.8,153.9,7.0,50,PDE  
2000,11,16,45457,-4.0,152.2,8.0,33,PDE  
2000,11,16,74217,-5.2,153.1,7.8,30,PDE  
2000,11,17,210156,-5.5,151.8,7.8,33,PDE  
2000,12,6,171106,39.6,54.8,7.0,30,PDE  
2001,1,1,65704,6.9,126.6,7.5,33,PDE  
2001,1,9,164928,-14.9,167.2,7.1,103,PDE  
2001,1,10,160244,57.1,-153.2,7.0,33,PDE  
2001,1,13,173332,13.0,-88.7,7.7,60,PDE  
2001,1,26,31641,23.4,70.2,7.7,16,PDE  
2001,2,13,192830,-4.7,102.6,7.4,36,PDE  
2001,2,24,72349,1.3,126.2,7.1,35,PDE  
2001,6,3,24157,-29.7,-178.6,7.2,178,PDE  
2001,6,23,203314,-16.3,-73.6,8.4,33,PDE  
2001,7,7,93844,-17.5,-72.1,7.6,33,PDE  
2001,8,21,65206,-36.8,-179.6,7.1,33,PDE  
2001,10,12,150217,12.7,145.0,7.0,37,PDE  
2001,10,19,32844,-4.1,123.9,7.5,33,PDE  
2001,10,31,91020,-5.9,150.2,7.0,33,PDE  
2001,11,14,92610,35.9,90.5,7.8,10,PDE  
2001,12,12,140235,-42.8,124.7,7.1,10,PDE  
2002,1,2,172249,-17.6,167.9,7.2,21,PDE  
2002,3,3,120820,36.5,70.5,7.4,225,PDE  
2002,3,5,211609,6.0,124.2,7.5,31,PDE  
2002,3,31,65250,24.3,122.2,7.1,32,PDE  
2002,4,26,160607,13.1,144.6,7.1,85,PDE  
2002,6,28,171930,43.8,130.7,7.3,566,PDE  
2002,8,19,110101,-21.7,-179.5,7.7,580,PDE  
2002,8,19,110824,-23.9,178.5,7.7,675,PDE  
2002,9,8,184424,-3.3,142.9,7.6,13,PDE  
2002,10,10,105021,-1.8,134.3,7.6,10,PDE  
2002,11,2,12611,2.8,96.1,7.4,30,PDE  
2002,11,3,221241,63.5,-147.4,7.9,4,PDE  
2002,11,17,45354,47.8,146.2,7.3,459,PDE  
2003,1,20,84306,-10.5,160.8,7.3,33,PDE  
2003,1,22,20635,18.8,-104.1,7.6,24,PDE  
2003,3,17,163617,51.3,178.0,7.1,33,PDE  
2003,5,26,92433,38.8,141.6,7.0,68,PDE  
2003,5,26,192328,2.4,128.9,7.0,31,PDE  
2003,6,20,61939,-7.6,-71.7,7.1,558,PDE  
2003,7,15,202751,-2.6,68.4,7.6,10,PDE  
2003,8,4,43720,-60.5,-43.4,7.6,10,PDE  
2003,8,21,121250,-45.1,167.1,7.2,28,PDE  
2003,9,25,195006,41.8,143.9,8.3,27,PDE  
2003,9,25,210800,41.8,143.6,7.4,33,PDE  
2003,9,27,113325,50.0,87.8,7.3,16,PDE  
2003,10,31,10628,37.8,142.6,7.0,10,PDE  
2003,11,17,64307,51.1,178.7,7.8,33,PDE  
2003,12,27,160059,-22.0,169.8,7.3,10,PDE  
2004,1,3,162321,-22.3,169.7,7.1,22,PDE  
2004,2,5,210503,-3.6,135.5,7.0,16,PDE  
2004,2,7,24235,-4.0,135.0,7.3,10,PDE  
2004,7,15,42715,-17.7,-178.8,7.1,565,PDE  
2004,7,25,143519,-2.4,104.0,7.3,582,PDE  
2004,9,5,100708,33.1,136.6,7.2,14,PDE  
2004,9,5,145719,33.2,137.1,7.4,10,PDE  
2004,10,9,212654,11.4,-86.7,7.0,35,PDE  
2004,11,11,212641,-8.2,124.9,7.5,10,PDE  
2004,11,15,90657,4.7,-77.5,7.2,15,PDE  
2004,11,22,202624,-46.7,164.7,7.1,10,PDE  
2004,11,26,22503,-3.6,135.4,7.1,10,PDE  
2004,11,28,183214,43.0,145.1,7.0,39,PDE  
2004,12,23,145904,-49.3,161.3,8.1,10,PDE  
2004,12,26,5853,3.3,96.0,9.1,30,PDE  
2004,12,26,42130,6.9,93.0,7.2,39,PDE  
2005,2,5,122319,5.3,123.3,7.1,525,PDE  
2005,3,2,104212,-6.5,129.9,7.1,201,PDE  
2005,3,28,160937,2.1,97.1,8.6,30,PDE  
2005,6,13,224434,-20.0,-69.2,7.8,115,PDE  
2005,6,15,25054,41.3,-126.0,7.2,16,PDE  
2005,7,24,154206,7.9,92.2,7.2,16,PDE  
2005,8,16,24628,38.3,142.0,7.2,36,PDE  
2005,9,9,72644,-4.5,153.5,7.6,90,PDE  
2005,9,26,15538,-5.7,-76.4,7.5,115,PDE  
2005,10,8,35041,34.5,73.6,7.6,26,PDE  
2005,11,14,213851,38.1,144.9,7.0,11,PDE  
2006,1,2,61050,-61.0,-21.6,7.4,13,PDE  
2006,1,2,221340,-19.9,-178.2,7.2,582,PDE  
2006,1,27,165854,-5.5,128.1,7.6,397,PDE  
2006,2,22,221908,-21.3,33.6,7.0,11,PDE  
2006,4,20,232502,60.9,167.1,7.6,22,PDE  
2006,5,3,152640,-20.2,-174.1,8.0,55,PDE  
2006,5,16,103923,-31.8,-179.3,7.4,152,PDE  
2006,7,17,81927,-9.3,107.4,7.7,20,PDE  
2006,8,20,34148,-61.0,-34.4,7.0,13,PDE  
2006,11,15,111414,46.6,153.3,8.3,10,PDE  
2006,12,26,122621,21.8,120.5,7.1,10,PDE  
2007,1,13,42321,46.2,154.5,8.1,10,PDE  
2007,1,21,112745,1.1,126.3,7.5,22,PDE  
2007,3,25,4002,-20.6,169.4,7.1,34,PDE  
2007,4,1,203959,-8.5,157.0,8.1,24,PDE  
2007,8,1,170851,-15.6,167.7,7.2,120,PDE  
2007,8,8,170505,-5.9,107.4,7.5,280,PDE  
2007,8,15,234058,-13.4,-76.6,8.0,39,PDE  
2007,9,2,10518,-11.6,165.8,7.2,35,PDE  
2007,9,12,111027,-4.4,101.4,8.5,34,PDE  
2007,9,12,234904,-2.6,100.8,7.9,35,PDE  
2007,9,13,33529,-2.1,99.6,7.0,22,PDE  
2007,9,28,133858,22.0,142.7,7.5,260,PDE  
2007,9,30,52334,-49.3,164.1,7.4,10,PDE  
2007,10,31,33016,18.9,145.4,7.2,207,PDE  
2007,11,14,154051,-22.2,-69.9,7.7,40,PDE  
2007,11,29,190020,14.9,-61.3,7.4,156,PDE  
2007,12,9,72821,-26.0,-177.5,7.8,152,PDE  
2007,12,19,93028,51.4,-179.5,7.2,34,PDE  
2008,2,20,80831,2.8,96.0,7.4,26,PDE  
2008,2,25,83633,-2.5,100.0,7.2,25,PDE  
2008,3,20,223258,35.5,81.5,7.2,10,PDE  
2008,4,9,124613,-20.1,168.9,7.3,33,PDE  
2008,4,12,3013,-55.7,158.5,7.1,16,PDE  
2008,5,12,62802,31.0,103.3,7.9,19,PDE  
2008,6,30,61743,-58.2,-22.1,7.0,8,PDE  
2008,7,5,21204,53.9,152.9,7.7,632,PDE  
2008,7,19,23929,37.6,142.2,7.0,22,PDE  
2008,9,29,151932,-29.8,-177.7,7.0,36,PDE  
2008,11,16,170233,1.3,122.1,7.4,30,PDE  
2008,11,24,90259,54.2,154.3,7.3,492,PDE  
2009,1,3,194351,-0.4,132.9,7.7,17,PDE  
2009,1,3,223340,-0.7,133.3,7.4,23,PDE  
2009,1,15,174939,46.9,155.2,7.4,36,PDE  
2009,2,11,173450,3.9,126.4,7.2,20,PDE  
2009,2,18,215345,-27.4,-176.3,7.0,25,PDE  
2009,3,19,181740,-23.0,-174.7,7.6,31,PDE  
2009,5,28,82447,16.7,-86.2,7.3,19,PDE  
2009,7,15,92229,-45.8,166.6,7.8,12,PDE  
2009,8,9,105555,33.2,137.9,7.1,292,PDE  
2009,8,10,195539,14.1,92.9,7.5,24,PDE  
2009,9,2,75501,-7.8,107.3,7.0,46,PDE  
2009,9,29,174811,-15.5,-172.1,8.1,18,PDE  
2009,9,30,101609,-0.7,99.9,7.6,81,PDE  
2009,10,7,220314,-13.0,166.5,7.7,45,PDE  
2009,10,7,221851,-12.5,166.4,7.8,35,PDE  
2009,10,7,231348,-13.1,166.5,7.4,31,PDE  
2009,11,9,104455,-17.2,178.3,7.3,595,PDE  
2010,1,3,223628,-8.8,157.3,7.1,25,PDE-W
2010,1,12,215310,18.4,-72.6,7.0,13,PDE-W
2010,2,26,203127,25.9,128.4,7.0,25,PDE-W
2010,2,27,63412,-36.1,-72.9,8.8,22,PDE-W
2010,4,4,224043,32.3,-115.3,7.2,4,PDE-W
2010,4,6,221502,2.4,97.0,7.8,31,PDE-W
2010,5,9,55942,3.7,96.0,7.2,38,PDE-W
2010,5,27,171447,-13.7,166.6,7.1,31,PDE-W
2010,6,12,192650,7.9,91.9,7.5,35,PDE-W
2010,6,16,31628,-2.2,136.5,7.0,18,PDE-W
2010,7,18,133459,-5.9,150.6,7.3,35,PDE-W
2010,7,23,220811,6.7,123.4,7.3,607,PDE-W
2010,7,23,225112,6.5,123.5,7.6,585,PDE-W
2010,7,23,231510,6.8,123.3,7.4,640,PDE-W
2010,8,4,220144,-5.7,150.8,7.0,44,PDE-W
2010,8,10,52345,-17.5,168.1,7.3,25,PDE-W
2010,8,12,115416,-1.3,-77.3,7.1,206,PDE-W
2010,9,3,163548,-43.5,171.8,7.0,12,PDE-W
2010,9,29,171126,-5.0,133.8,7.0,26,PDE-W
2010,10,25,144222,-3.5,100.1,7.8,20,PDE-W
2010,12,21,171941,26.9,143.7,7.4,14,PDE-Q
2010,12,25,131637,-19.7,167.9,7.3,16,PDE-Q
2011,1,1,95658,-26.8,-63.1,7.0,576,PDE-Q
2011,1,2,202018,-38.4,-73.3,7.1,24,PDE-Q
2011,1,13,161642,-20.6,168.5,7.0,9,PDE-Q
2011,1,18,202324,28.8,63.9,7.2,68,PDE-Q
2011,3,9,24520,38.4,142.8,7.5,32,PDE-Q
2011,3,11,54624,38.3,142.4,9.1,30,PDE-Q
2011,3,11,61540,36.3,141.1,7.9,35,PDE-Q
2011,3,11,62550,38.1,144.6,7.7,18,PDE-Q
2011,4,7,143243,38.3,141.6,7.1,42,PDE-Q
